{
    "ambientocclusion": false,
    "parent": "block/block",
    "elements": [
        {   "from": [ 0, 0, 0 ],
            "to": [ 16, 16, 16 ],
			"shade": true,
            "faces": {
                "down":  { "texture": "#down" },
                "up":    { "texture": "#up" },
                "north": { "texture": "#north" },
                "south": { "texture": "#south" },
                "west":  { "texture": "#west" },
                "east":  { "texture": "#east" }
            }
        }
    ]
}
